title,geolocation,domain,network
Amoskeag Times,New Hampshire,amoskeagtimes.com,Local Report
Augusta-Richmond Herald,Georgia,augustarichmondherald.com,Local Report
Bucks County Standard,Pennsylvania,buckscountystandard.com,Local Report
Central Pennsylvania Times,Pennsylvania,southcentraltimes.com,Local Report
Central Pennsylvania Times,Pennsylvania,centralpatimes.com,Local Report
Cobb News,Georgia,cobbnewsga.com,Local Report
Everett Times,New Hampshire,everetttimes.com,Local Report
Grand Rapids News,Michigan,grandrapidsminews.com,Local Report
Henderson Times,Nevada,hendersontimes.org,Local Report
La Crosse Leader,Wisconsin,lacrosseleader.org,Local Report
Lehigh Valley News,Pennsylvania,lehighnews.org,Local Report
Macomb Digest,Michigan,macombdigest.com,Local Report
Mecklenburg Herald,North Carolina,mecklenburgherald.com,Local Report
Mesa Times,Arizona,mesatimes.org,Local Report
Mile High Sentinel,Colorado,milehighsentinel.com,Local Report
Milwaukee Metro Times,Wisconsin,milwaukeemetrotimes.com,Local Report
Northern Clark County Herald,Nevada,northernclarkcountyherald.com,Local Report
Northern Wisconsin Times,Wisconsin,northernwitimes.com,Local Report
Northwest Lake Times,Pennsylvania,nwlaketimes.com,Local Report
Northwest Lake Times,Pennsylvania,flagshipcitynews.com,Local Report
Oakland Times,Michigan,oaklandtimes.org,Local Report
OTP Tribune,Georgia,otptribune.com,Local Report
Pima Times,Arizona,pimatimes.com,Local Report
Rock Valley Times,Wisconsin,rockvalleytimes.com,Local Report
Rockingham Journal,New Hampshire,rockinghamjournal.com,Local Report
Savannah Sun Times,Georgia,savannahsuntimes.com,Local Report
Seacoast Standard,New Hampshire,seacoaststandard.org,Local Report
Southern Colorado Times,Colorado,southerncoloradotimes.com,Local Report
Summerlin Reporter,Nevada,summerlinreporter.com,Local Report
The Colombus News,Georgia,colonews.org,Local Report
The Commonwealth Community Report,Virginia,vacommunityreport.com,Local Report
The Delaware Valley Sun,Pennsylvania,delawarevalleysun.com,Local Report
The Macon Report,Georgia,maconreport.com,Local Report
The Mid-Michigan Standard,Michigan,midmichiganstd.com,Local Report
The Northeast Herald,Pennsylvania,northeastherald.org,Local Report
The Piedmont Tribune,North Carolina,piedmonttribune.com,Local Report
The Southeastern Times,Wisconsin,southeasterntimes.org,Local Report
The Tri-City Record,Michigan,tri-cityrecord.org,Local Report
The Valley Gazette,Arizona,valleygazette.org,Local Report
The Washoe Gazette,Nevada,washoegazette.com,Local Report
The Wayne Herald,Michigan,wayneherald.org,Local Report
The Wayne Herald,Michigan,waynecountyherald.com,Local Report
Three Rivers Gazette,Pennsylvania,threeriversgazette.com,Local Report
Triangle News,North Carolina,trianglenews.org,Local Report
Two Rivers News,Michigan,tworiversnews.org,Local Report
Upper Peninsula Times,Michigan,upperpeninsulatimes.com,Local Report
Wisconsin Lake Times,Wisconsin,wisconsinlaketimes.com,Local Report
Wisconsin Lake Times,Wisconsin,centralwisconsintimes.com,Local Report
Yuma Standard,Arizona,yumastandard.com,Local Report